{
  "Symbols": [
    "C",
    "F",
    "F",
    "F",
    "C",
    "F",
    "C",
    "F",
    "F"
  ],
  "Coordinates": [
    [
      -3.2922852500749533,
      0.5517841955871785,
      0.035498537494420286
    ],
    [
      -4.595838105206265,
      0.32543089160084876,
      -2.1004824471572925
    ],
    [
      -2.81198310610351,
      2.994498934537286,
      0.37820538984607965
    ],
    [
      -4.762337104377568,
      -0.26068088228915465,
      1.901038519590712
    ],
    [
      -0.9206744496789664,
      -0.9574681557140191,
      -0.08993451307380022
    ],
    [
      -1.285939448068399,
      -3.4112298005151525,
      -0.47189057239874577
    ],
    [
      1.4262234586553415,
      -0.14508845986103633,
      0.10562551790893655
    ],
    [
      2.096384346360955,
      2.2056932625597434,
      0.5192779034590238
    ],
    [
      3.3886842883574793,
      -1.6116492224483732,
      -0.007766859748184287
    ]
  ],
  "Momenta": [
    [
      -8.723462011209623,
      -9.327041382903788,
      16.337839268742098
    ],
    [
      13.86421419873339,
      60.98899514337931,
      15.9932380469541
    ],
    [
      34.235151241956245,
      -4.03695310911897,
      -38.375783160347595
    ],
    [
      -5.498061105851984,
      -20.378358642848674,
      5.657988803124944
    ],
    [
      -43.955451451809495,
      -0.9489404957062202,
      4.803970043612578
    ],
    [
      50.565967672663305,
      -11.55082600673945,
      18.658850143144114
    ],
    [
      -19.06612177839506,
      -38.62467730149051,
      -57.49546909013231
    ],
    [
      -6.436541995230352,
      -26.006926895672542,
      17.61287978581958
    ],
    [
      -14.85370255808982,
      49.6953955622545,
      16.83606026799392
    ]
  ],
  "SCF Energy": [
    -712.89572958,
    0.0
  ],
  "Forces": [
    0.0018566,
    -0.0025901,
    -0.0009593,
    -0.0030708,
    0.0002633,
    -0.0033664,
    0.0018457,
    -0.0021166,
    -0.000113,
    -0.0035272,
    -0.0005873,
    0.0034225,
    -0.2266949,
    -0.1133195,
    -0.0267288,
    0.0165973,
    0.0575578,
    0.0095506,
    0.2184605,
    0.0623859,
    0.0186936,
    -0.009631,
    0.0127436,
    0.0017495,
    0.0041639,
    -0.014337,
    -0.0022488
  ],
  "Amplitudes": [
    [
      -0.9091077743736581,
      0.4165609854191527
    ],
    [
      0.0,
      0.0
    ]
  ],
  "Timestep": 10,
  "Multiplicity": 5,
  "Dissociation Flags": [
    "NO",
    "NO",
    "NO",
    "NO",
    "NO",
    "NO",
    "NO",
    "NO",
    "NO"
  ]
}