{
  "Symbols": [
    "C",
    "C",
    "C",
    "C",
    "F",
    "F",
    "F",
    "F",
    "F",
    "F",
    "F",
    "F"
  ],
  "Coordinates": [
    [
      0.98570654476181,
      18.78399613515482,
      -1.42248275014871
    ],
    [
      1.997374680304743,
      17.482127122652116,
      1.114925076535761
    ],
    [
      -6.909383718664156,
      -4.348044259487895,
      5.268099775698768
    ],
    [
      5.22804460013207,
      -29.786036029466768,
      -5.180603911966079
    ],
    [
      4.037097779325157,
      -32.09157083659104,
      -3.473669087964658
    ],
    [
      7.377819466023214,
      -29.519891141850284,
      -4.70007553067236
    ],
    [
      -9.185341992344917,
      -4.455170888669,
      5.888250371835063
    ],
    [
      -6.922609215482703,
      -3.588697490890866,
      2.957323589469786
    ],
    [
      3.332172035569902,
      15.427973038485883,
      0.54563196860319
    ],
    [
      0.746963960596837,
      16.925492176286255,
      3.33507334503681
    ],
    [
      1.265361765728671,
      17.07222045868548,
      -3.22739915508601
    ],
    [
      -1.566206377788032,
      18.932911439981627,
      -1.288202093928153
    ]
  ],
  "Momenta": [
    [
      -22.102134364487807,
      15.277986433153089,
      20.866358048189564
    ],
    [
      -26.380150525834498,
      25.91272406329299,
      8.108501533918806
    ],
    [
      14.36624890288239,
      -5.486889366602667,
      7.140251731486555
    ],
    [
      33.40724978437418,
      -40.610327213333115,
      48.64186802490442
    ],
    [
      -9.279161489121972,
      -80.90921234574614,
      -25.973162624528506
    ],
    [
      -4.182636705256547,
      -34.549126410016,
      -48.25968357875456
    ],
    [
      -2.512043210164387,
      -12.68848495709282,
      19.590222653083792
    ],
    [
      -43.014774109561884,
      5.35181486082061,
      0.194006337935691
    ],
    [
      31.22981786364677,
      47.41353439014507,
      -5.419996099268529
    ],
    [
      -17.180246016731672,
      49.36865687184761,
      -14.78222281809671
    ],
    [
      38.222482318238235,
      33.7455796493169,
      19.312430409456642
    ],
    [
      7.228845343105722,
      -2.720543998203431,
      -29.63512071342193
    ]
  ],
  "SCF Energy": [
    0.0,
    0.0
  ],
  "Forces": [
    0.0,
    0.0,
    0.0,
    0.0,
    0.0,
    0.0,
    0.0,
    0.0,
    0.0,
    0.0,
    0.0,
    0.0,
    0.0,
    0.0,
    0.0,
    0.0,
    0.0,
    0.0,
    0.0,
    0.0,
    0.0,
    0.0,
    0.0,
    0.0,
    0.0,
    0.0,
    0.0,
    0.0,
    0.0,
    0.0,
    0.0,
    0.0,
    0.0,
    0.0,
    0.0,
    0.0
  ],
  "Amplitudes": [
    [
      1.0,
      0.0
    ],
    [
      0.0,
      0.0
    ]
  ],
  "Timestep": 0,
  "Multiplicity": 3,
  "Dissociation Flags": [
    "NO",
    "NO",
    "NO",
    "NO",
    "NO",
    "NO",
    "NO",
    "NO",
    "NO",
    "NO",
    "NO",
    "NO"
  ]
}